img_id,anno_polygons,anno_texts,anno_labels,anno_num,anno_image_quality,anno_line_item_ids
mcocr_public_145013acjke.jpg,"[{'category_id': 19, 'segmentation': [[232.01, 436.96, 447.53, 436.96, 447.53, 461.1, 232.01, 461.1]], 'area': 5202.65, 'bbox': [232.01, 436.96, 215.52, 24.14], 'width': 768, 'height': 1024}, {'category_id': 20, 'segmentation': [[479.7, 464.32, 505.43, 464.32, 505.43, 480.41, 479.7, 480.41]], 'area': 414, 'bbox': [479.7, 464.32, 25.73, 16.09], 'width': 768, 'height': 1024}, {'category_id': 21, 'segmentation': [[531.17, 465.93, 597.11, 465.93, 597.11, 485.24, 531.17, 485.24]], 'area': 1273.3, 'bbox': [531.17, 465.93, 65.94, 19.31], 'width': 768, 'height': 1024}, {'category_id': 19, 'segmentation': [[239.9, 482.24, 513.58, 482.24, 513.58, 506.83, 239.9, 506.83]], 'area': 6729.79, 'bbox': [239.9, 482.24, 273.68, 24.59], 'width': 768, 'height': 1024}, {'category_id': 20, 'segmentation': [[482.3, 510.18, 504.65, 510.18, 504.65, 526.95, 482.3, 526.95]], 'area': 374.81, 'bbox': [482.3, 510.18, 22.35, 16.77], 'width': 768, 'height': 1024}, {'category_id': 21, 'segmentation': [[526.99, 503.48, 596.25, 503.48, 596.25, 532.54, 526.99, 532.54]], 'area': 2012.7, 'bbox': [526.99, 503.48, 69.26, 29.06], 'width': 768, 'height': 1024}, {'category_id': 22, 'segmentation': [[529.56, 546.4, 597.11, 546.4, 597.11, 572.15, 529.56, 572.15]], 'area': 1739.41, 'bbox': [529.56, 546.4, 67.55, 25.75], 'width': 768, 'height': 1024}]",Măng Lay Tây Bắc KIM BÔI|||1|||35.000|||SG FOOD Nước dùng cô đặc vị Lẩu Thái|||1|||17.700|||52.700,ITEM_NAME|||QUANTITY|||UNIT_PRICE|||ITEM_NAME|||QUANTITY|||UNIT_PRICE|||LINE_TOTAL,7,,"[1,1,1,2,2,2,2]"
mcocr_public_145013adyee.jpg,[],,,0,,[]
mcocr_public_145013aeriv.jpg,[],,,0,,[]
mcocr_public_145013alybg.jpg,[],,,0,,[]
mcocr_public_145013amzul.jpg,[],,,0,,[]
mcocr_public_145013anmiz.jpg,[],,,0,,[]
mcocr_public_145013apigo.jpg,[],,,0,,[]
mcocr_public_145013aqosh.jpg,[],,,0,,[]
mcocr_public_145013aukcu.jpg,[],,,0,,[]
mcocr_public_145013bajyy.jpg,[],,,0,,[]
mcocr_public_145013bkcgv.jpg,[],,,0,,[]
mcocr_public_145013bldqx.jpg,[],,,0,,[]
mcocr_public_145013blmgu.jpg,[],,,0,,[]
mcocr_public_145013bomoz.jpg,[],,,0,,[]
mcocr_public_145013bybgv.jpg,[],,,0,,[]
mcocr_public_145013byufi.jpg,[],,,0,,[]
mcocr_public_145013cezfv.jpg,[],,,0,,[]
mcocr_public_145013cgpey.jpg,[],,,0,,[]
mcocr_public_145013chgcz.jpg,[],,,0,,[]
mcocr_public_145013ckejs.jpg,[],,,0,,[]
mcocr_public_145013clltn.jpg,[],,,0,,[]
mcocr_public_145013cmeru.jpg,[],,,0,,[]
mcocr_public_145013cnknh.jpg,[],,,0,,[]
mcocr_public_145013crgek.jpg,[],,,0,,[]
mcocr_public_145013crsoa.jpg,[],,,0,,[]
mcocr_public_145013cuwqi.jpg,[],,,0,,[]
mcocr_public_145013cuztb.jpg,[],,,0,,[]
mcocr_public_145013cxcei.jpg,[],,,0,,[]
mcocr_public_145013cxgot.jpg,[],,,0,,[]
mcocr_public_145013cxtop.jpg,[],,,0,,[]
mcocr_public_145013dfzcb.jpg,[],,,0,,[]
mcocr_public_145013dhnii.jpg,[],,,0,,[]
mcocr_public_145013djwis.jpg,[],,,0,,[]
mcocr_public_145013dkfnl.jpg,[],,,0,,[]
mcocr_public_145013dkgbh.jpg,[],,,0,,[]
mcocr_public_145013doybn.jpg,[],,,0,,[]
mcocr_public_145013drlui.jpg,[],,,0,,[]
mcocr_public_145013dtobm.jpg,[],,,0,,[]
mcocr_public_145013dxavh.jpg,[],,,0,,[]
mcocr_public_145013dxngu.jpg,[],,,0,,[]
mcocr_public_145013dxysa.jpg,[],,,0,,[]
mcocr_public_145013ebiff.jpg,[],,,0,,[]
mcocr_public_145013ecfzg.jpg,[],,,0,,[]
mcocr_public_145013eekwk.jpg,[],,,0,,[]
mcocr_public_145013egffi.jpg,[],,,0,,[]
mcocr_public_145013eicdg.jpg,[],,,0,,[]
mcocr_public_145013eituj.jpg,[],,,0,,[]
mcocr_public_145013eknsk.jpg,[],,,0,,[]
mcocr_public_145013esetg.jpg,[],,,0,,[]
mcocr_public_145013eyjmn.jpg,[],,,0,,[]
mcocr_public_145013ezyfw.jpg,[],,,0,,[]
mcocr_public_145013fctzg.jpg,[],,,0,,[]
mcocr_public_145013fkkfr.jpg,[],,,0,,[]
mcocr_public_145013fpcxy.jpg,[],,,0,,[]
mcocr_public_145013fskld.jpg,[],,,0,,[]
mcocr_public_145013fybvq.jpg,[],,,0,,[]
mcocr_public_145013geohx.jpg,[],,,0,,[]
mcocr_public_145013geoih.jpg,[],,,0,,[]
mcocr_public_145013gguch.jpg,[],,,0,,[]
mcocr_public_145013goyhg.jpg,[],,,0,,[]
mcocr_public_145013guoun.jpg,[],,,0,,[]
mcocr_public_145013haeps.jpg,[],,,0,,[]
mcocr_public_145013hewxu.jpg,[],,,0,,[]
mcocr_public_145013hrtto.jpg,[],,,0,,[]
mcocr_public_145013hvjbj.jpg,[],,,0,,[]
mcocr_public_145013ibbrd.jpg,[],,,0,,[]
mcocr_public_145013iblsz.jpg,[],,,0,,[]
mcocr_public_145013idboz.jpg,[],,,0,,[]
mcocr_public_145013idjei.jpg,[],,,0,,[]
mcocr_public_145013iijxa.jpg,[],,,0,,[]
mcocr_public_145013imbop.jpg,[],,,0,,[]
mcocr_public_145013imsqw.jpg,[],,,0,,[]
mcocr_public_145013inxnt.jpg,[],,,0,,[]
mcocr_public_145013itmvi.jpg,[],,,0,,[]
mcocr_public_145013itpoe.jpg,[],,,0,,[]
mcocr_public_145013iurdz.jpg,[],,,0,,[]
mcocr_public_145013jcwbe.jpg,[],,,0,,[]
mcocr_public_145013jhxzq.jpg,[],,,0,,[]
mcocr_public_145013jtjmc.jpg,[],,,0,,[]
mcocr_public_145013jwjnj.jpg,[],,,0,,[]
mcocr_public_145013jyzhp.jpg,[],,,0,,[]
mcocr_public_145013jzyzz.jpg,[],,,0,,[]
mcocr_public_145013kacze.jpg,[],,,0,,[]
mcocr_public_145013kaedt.jpg,[],,,0,,[]
mcocr_public_145013kbhkb.jpg,[],,,0,,[]
mcocr_public_145013kcxya.jpg,[],,,0,,[]
mcocr_public_145013kfxqd.jpg,[],,,0,,[]
mcocr_public_145013kgypr.jpg,[],,,0,,[]
mcocr_public_145013kokcl.jpg,[],,,0,,[]
mcocr_public_145013kqcxc.jpg,[],,,0,,[]
mcocr_public_145013kzjew.jpg,[],,,0,,[]
mcocr_public_145013laiap.jpg,[],,,0,,[]
mcocr_public_145013lisnd.jpg,[],,,0,,[]
mcocr_public_145013lkorp.jpg,[],,,0,,[]
mcocr_public_145013lmjqa.jpg,[],,,0,,[]
mcocr_public_145013lplfx.jpg,[],,,0,,[]
mcocr_public_145013lukaj.jpg,[],,,0,,[]
mcocr_public_145013mfogg.jpg,[],,,0,,[]
mcocr_public_145013mmpgk.jpg,[],,,0,,[]
mcocr_public_145013moepq.jpg,[],,,0,,[]
mcocr_public_145013mqmzy.jpg,[],,,0,,[]
mcocr_public_145013mwqpu.jpg,[],,,0,,[]
mcocr_public_145013mylmw.jpg,[],,,0,,[]
mcocr_public_145013mzyyu.jpg,[],,,0,,[]
mcocr_public_145013ndqdl.jpg,[],,,0,,[]
mcocr_public_145013ngzwi.jpg,[],,,0,,[]
mcocr_public_145013njeuf.jpg,[],,,0,,[]
mcocr_public_145013njyzj.jpg,[],,,0,,[]
mcocr_public_145013nkpao.jpg,[],,,0,,[]
mcocr_public_145013nnxlz.jpg,[],,,0,,[]
mcocr_public_145013nwbcg.jpg,[],,,0,,[]
mcocr_public_145013nwgha.jpg,[],,,0,,[]
mcocr_public_145013ogvmp.jpg,[],,,0,,[]
mcocr_public_145013ogxhv.jpg,[],,,0,,[]
mcocr_public_145013oxnpr.jpg,[],,,0,,[]
mcocr_public_145013pnbza.jpg,[],,,0,,[]
mcocr_public_145013ptdjx.jpg,[],,,0,,[]
mcocr_public_145013pvwgq.jpg,[],,,0,,[]
mcocr_public_145013pytgf.jpg,[],,,0,,[]
mcocr_public_145013pzwfd.jpg,[],,,0,,[]
mcocr_public_145013qbpjw.jpg,[],,,0,,[]
mcocr_public_145013qeejy.jpg,[],,,0,,[]
mcocr_public_145013qikxs.jpg,[],,,0,,[]
mcocr_public_145013qlpau.jpg,[],,,0,,[]
mcocr_public_145013qqkij.jpg,[],,,0,,[]
mcocr_public_145013qujjw.jpg,[],,,0,,[]
mcocr_public_145013qvqeu.jpg,[],,,0,,[]
mcocr_public_145013qxxxo.jpg,[],,,0,,[]
mcocr_public_145013rhwvu.jpg,[],,,0,,[]
mcocr_public_145013rpxpi.jpg,[],,,0,,[]
mcocr_public_145013rtjsr.jpg,[],,,0,,[]
mcocr_public_145013rttzk.jpg,[],,,0,,[]
mcocr_public_145013rtwyd.jpg,[],,,0,,[]
mcocr_public_145013shpih.jpg,[],,,0,,[]
mcocr_public_145013sihqk.jpg,[],,,0,,[]
mcocr_public_145013skwtp.jpg,[],,,0,,[]
mcocr_public_145013sqona.jpg,[],,,0,,[]
mcocr_public_145013sqwxo.jpg,[],,,0,,[]
mcocr_public_145013tffpu.jpg,[],,,0,,[]
mcocr_public_145013tgayt.jpg,[],,,0,,[]
mcocr_public_145013tlipr.jpg,[],,,0,,[]
mcocr_public_145013tljfn.jpg,[],,,0,,[]
mcocr_public_145013tmibr.jpg,[],,,0,,[]
mcocr_public_145013tmshn.jpg,[],,,0,,[]
mcocr_public_145013tumhj.jpg,[],,,0,,[]
mcocr_public_145013tupze.jpg,[],,,0,,[]
mcocr_public_145013tvyce.jpg,[],,,0,,[]
mcocr_public_145013udktj.jpg,[],,,0,,[]
mcocr_public_145013ufbki.jpg,[],,,0,,[]
mcocr_public_145013uixud.jpg,[],,,0,,[]
mcocr_public_145013uwdpy.jpg,[],,,0,,[]
mcocr_public_145013vcpta.jpg,[],,,0,,[]
mcocr_public_145013vfius.jpg,[],,,0,,[]
mcocr_public_145013vgvpe.jpg,[],,,0,,[]
mcocr_public_145013vilkn.jpg,[],,,0,,[]
mcocr_public_145013vmxho.jpg,[],,,0,,[]
mcocr_public_145013vpqnu.jpg,[],,,0,,[]
mcocr_public_145013vtqrc.jpg,[],,,0,,[]
mcocr_public_145013vullg.jpg,[],,,0,,[]
mcocr_public_145013vxrqg.jpg,[],,,0,,[]
mcocr_public_145013waefm.jpg,[],,,0,,[]
mcocr_public_145013wdwok.jpg,[],,,0,,[]
mcocr_public_145013wjlkq.jpg,[],,,0,,[]
mcocr_public_145013wkuuf.jpg,[],,,0,,[]
mcocr_public_145013wraxn.jpg,[],,,0,,[]
mcocr_public_145013wrrom.jpg,[],,,0,,[]
mcocr_public_145013wuprd.jpg,[],,,0,,[]
mcocr_public_145013wwkrv.jpg,[],,,0,,[]
mcocr_public_145013xbegl.jpg,[],,,0,,[]
mcocr_public_145013xtskr.jpg,[],,,0,,[]
mcocr_public_145013xzfut.jpg,[],,,0,,[]
mcocr_public_145013xzsri.jpg,[],,,0,,[]
mcocr_public_145013yavpz.jpg,[],,,0,,[]
mcocr_public_145013yhzdy.jpg,[],,,0,,[]
mcocr_public_145013yinzr.jpg,[],,,0,,[]
mcocr_public_145013ypdox.jpg,[],,,0,,[]
mcocr_public_145013yzczt.jpg,[],,,0,,[]
mcocr_public_145013zcfau.jpg,[],,,0,,[]
mcocr_public_145013zcscc.jpg,[],,,0,,[]
mcocr_public_145013zftfo.jpg,[],,,0,,[]
mcocr_public_145013zguhy.jpg,[],,,0,,[]
mcocr_public_145013zlljn.jpg,[],,,0,,[]
mcocr_public_145013zpvng.jpg,[],,,0,,[]
mcocr_public_145013zridb.jpg,[],,,0,,[]
mcocr_public_145013zufms.jpg,[],,,0,,[]
mcocr_public_145013zykbw.jpg,[],,,0,,[]
mcocr_public_145014aecqi.jpg,[],,,0,,[]
mcocr_public_145014ajita.jpg,[],,,0,,[]
mcocr_public_145014ancat.jpg,[],,,0,,[]
mcocr_public_145014anjdg.jpg,[],,,0,,[]
mcocr_public_145014aqymg.jpg,[],,,0,,[]
mcocr_public_145014armln.jpg,[],,,0,,[]
mcocr_public_145014atzjl.jpg,[],,,0,,[]
mcocr_public_145014auskb.jpg,[],,,0,,[]
mcocr_public_145014awmyq.jpg,[],,,0,,[]
mcocr_public_145014awwfw.jpg,[],,,0,,[]
mcocr_public_145014ayyud.jpg,[],,,0,,[]
mcocr_public_145014bbnco.jpg,[],,,0,,[]
mcocr_public_145014bcbgu.jpg,[],,,0,,[]
mcocr_public_145014blxif.jpg,[],,,0,,[]
mcocr_public_145014bnscr.jpg,[],,,0,,[]
mcocr_public_145014bphyw.jpg,[],,,0,,[]
mcocr_public_145014bqpcb.jpg,[],,,0,,[]
mcocr_public_145014bqwna.jpg,[],,,0,,[]
mcocr_public_145014btewf.jpg,[],,,0,,[]
mcocr_public_145014buspt.jpg,[],,,0,,[]
mcocr_public_145014bwelu.jpg,[],,,0,,[]
mcocr_public_145014bznim.jpg,[],,,0,,[]
mcocr_public_145014cfgjy.jpg,[],,,0,,[]
mcocr_public_145014cfwkp.jpg,[],,,0,,[]
mcocr_public_145014cgbau.jpg,[],,,0,,[]
mcocr_public_145014ckynq.jpg,[],,,0,,[]
mcocr_public_145014clbzb.jpg,[],,,0,,[]
mcocr_public_145014cmafd.jpg,[],,,0,,[]
mcocr_public_145014cmcvj.jpg,[],,,0,,[]
mcocr_public_145014cnphh.jpg,[],,,0,,[]
mcocr_public_145014cpzwm.jpg,[],,,0,,[]
mcocr_public_145014cqsoz.jpg,[],,,0,,[]
mcocr_public_145014crsgq.jpg,[],,,0,,[]
mcocr_public_145014csmbn.jpg,[],,,0,,[]
mcocr_public_145014cuqln.jpg,[],,,0,,[]
mcocr_public_145014cwfup.jpg,[],,,0,,[]
mcocr_public_145014czicu.jpg,[],,,0,,[]
mcocr_public_145014dhkqp.jpg,[],,,0,,[]
mcocr_public_145014dkbzw.jpg,[],,,0,,[]
mcocr_public_145014dkivp.jpg,[],,,0,,[]
mcocr_public_145014dllhs.jpg,[],,,0,,[]
mcocr_public_145014dnwoz.jpg,[],,,0,,[]
mcocr_public_145014dqjen.jpg,[],,,0,,[]
mcocr_public_145014dqrls.jpg,[],,,0,,[]
mcocr_public_145014drgcr.jpg,[],,,0,,[]
mcocr_public_145014dspwj.jpg,[],,,0,,[]
mcocr_public_145014dwyzl.jpg,[],,,0,,[]
mcocr_public_145014dxvde.jpg,[],,,0,,[]
mcocr_public_145014dypib.jpg,[],,,0,,[]
mcocr_public_145014eabnk.jpg,[],,,0,,[]
mcocr_public_145014ebdtm.jpg,[],,,0,,[]
mcocr_public_145014ebrwa.jpg,[],,,0,,[]
mcocr_public_145014ecchz.jpg,[],,,0,,[]
mcocr_public_145014ectxq.jpg,[],,,0,,[]
mcocr_public_145014edoty.jpg,[],,,0,,[]
mcocr_public_145014edwpt.jpg,[],,,0,,[]
mcocr_public_145014eercq.jpg,[],,,0,,[]
mcocr_public_145014egqdh.jpg,[],,,0,,[]
mcocr_public_145014ejeba.jpg,[],,,0,,[]
mcocr_public_145014ejgcd.jpg,[],,,0,,[]
mcocr_public_145014ekpfi.jpg,[],,,0,,[]
mcocr_public_145014elcju.jpg,[],,,0,,[]
mcocr_public_145014elolx.jpg,[],,,0,,[]
mcocr_public_145014emeev.jpg,[],,,0,,[]
mcocr_public_145014emepc.jpg,[],,,0,,[]
mcocr_public_145014emqom.jpg,[],,,0,,[]
mcocr_public_145014enxgn.jpg,[],,,0,,[]
mcocr_public_145014epcqx.jpg,[],,,0,,[]
mcocr_public_145014esieu.jpg,[],,,0,,[]
mcocr_public_145014etdhs.jpg,[],,,0,,[]
mcocr_public_145014etxsp.jpg,[],,,0,,[]
mcocr_public_145014evbnu.jpg,[],,,0,,[]
mcocr_public_145014evdcm.jpg,[],,,0,,[]
mcocr_public_145014evoja.jpg,[],,,0,,[]
mcocr_public_145014evpom.jpg,[],,,0,,[]
mcocr_public_145014ewdtv.jpg,[],,,0,,[]
mcocr_public_145014exzpp.jpg,[],,,0,,[]
mcocr_public_145014ezyfv.jpg,[],,,0,,[]
mcocr_public_145014fcvez.jpg,[],,,0,,[]
mcocr_public_145014fdjhi.jpg,[],,,0,,[]
mcocr_public_145014fdlxd.jpg,[],,,0,,[]
mcocr_public_145014fgfzb.jpg,[],,,0,,[]
mcocr_public_145014fhbos.jpg,[],,,0,,[]
mcocr_public_145014fhimy.jpg,[],,,0,,[]
mcocr_public_145014fiydd.jpg,[],,,0,,[]
mcocr_public_145014fsrkz.jpg,[],,,0,,[]
mcocr_public_145014ftydn.jpg,[],,,0,,[]
mcocr_public_145014futkh.jpg,[],,,0,,[]
mcocr_public_145014fvwak.jpg,[],,,0,,[]
mcocr_public_145014gcmnd.jpg,[],,,0,,[]
mcocr_public_145014gcszj.jpg,[],,,0,,[]
mcocr_public_145014gcycl.jpg,[],,,0,,[]
mcocr_public_145014gfgse.jpg,[],,,0,,[]
mcocr_public_145014gflyd.jpg,[],,,0,,[]
mcocr_public_145014giqwv.jpg,[],,,0,,[]
mcocr_public_145014gjtjf.jpg,[],,,0,,[]
mcocr_public_145014gkduf.jpg,[],,,0,,[]
mcocr_public_145014gkruw.jpg,[],,,0,,[]
mcocr_public_145014gkura.jpg,[],,,0,,[]
mcocr_public_145014gndox.jpg,[],,,0,,[]
mcocr_public_145014gqlrt.jpg,[],,,0,,[]
mcocr_public_145014gvuhh.jpg,[],,,0,,[]
mcocr_public_145014gylsk.jpg,[],,,0,,[]
mcocr_public_145014haprd.jpg,[],,,0,,[]
mcocr_public_145014hbjul.jpg,[],,,0,,[]
mcocr_public_145014hcsva.jpg,[],,,0,,[]
mcocr_public_145014heqey.jpg,[],,,0,,[]
mcocr_public_145014hexbx.jpg,[],,,0,,[]
mcocr_public_145014hjsxj.jpg,[],,,0,,[]
mcocr_public_145014hmdtg.jpg,[],,,0,,[]
mcocr_public_145014hngaw.jpg,[],,,0,,[]
mcocr_public_145014hpdwx.jpg,[],,,0,,[]
mcocr_public_145014hpikq.jpg,[],,,0,,[]
mcocr_public_145014htnck.jpg,[],,,0,,[]
mcocr_public_145014huitj.jpg,[],,,0,,[]
mcocr_public_145014huwgv.jpg,[],,,0,,[]
mcocr_public_145014hwaqw.jpg,[],,,0,,[]
mcocr_public_145014hxpcf.jpg,[],,,0,,[]
mcocr_public_145014hyfyd.jpg,[],,,0,,[]
mcocr_public_145014idfgg.jpg,[],,,0,,[]
mcocr_public_145014ihdjg.jpg,[],,,0,,[]
mcocr_public_145014iidaa.jpg,[],,,0,,[]
mcocr_public_145014iksot.jpg,[],,,0,,[]
mcocr_public_145014imncc.jpg,[],,,0,,[]
mcocr_public_145014irdem.jpg,[],,,0,,[]
mcocr_public_145014iueod.jpg,[],,,0,,[]
mcocr_public_145014ivclx.jpg,[],,,0,,[]
mcocr_public_145014ivlka.jpg,[],,,0,,[]
mcocr_public_145014iwlls.jpg,[],,,0,,[]
mcocr_public_145014iznli.jpg,[],,,0,,[]
mcocr_public_145014jakjq.jpg,[],,,0,,[]
mcocr_public_145014jbchc.jpg,[],,,0,,[]
mcocr_public_145014jcmch.jpg,[],,,0,,[]
mcocr_public_145014jfyvi.jpg,[],,,0,,[]
mcocr_public_145014jggjq.jpg,[],,,0,,[]
mcocr_public_145014jgtbj.jpg,[],,,0,,[]
mcocr_public_145014jhuyg.jpg,[],,,0,,[]
mcocr_public_145014jiwoe.jpg,[],,,0,,[]
mcocr_public_145014jkafe.jpg,[],,,0,,[]
mcocr_public_145014jkegi.jpg,[],,,0,,[]
mcocr_public_145014jlxnp.jpg,[],,,0,,[]
mcocr_public_145014jndnz.jpg,[],,,0,,[]
mcocr_public_145014jqlcm.jpg,[],,,0,,[]
mcocr_public_145014jqtcw.jpg,[],,,0,,[]
mcocr_public_145014jvifr.jpg,[],,,0,,[]
mcocr_public_145014kbcho.jpg,[],,,0,,[]
mcocr_public_145014kbzqa.jpg,[],,,0,,[]
mcocr_public_145014kdvhb.jpg,[],,,0,,[]
mcocr_public_145014kfgle.jpg,[],,,0,,[]
mcocr_public_145014kgyki.jpg,[],,,0,,[]
mcocr_public_145014kljgu.jpg,[],,,0,,[]
mcocr_public_145014klkcx.jpg,[],,,0,,[]
mcocr_public_145014klyxi.jpg,[],,,0,,[]
mcocr_public_145014knafb.jpg,[],,,0,,[]
mcocr_public_145014kogop.jpg,[],,,0,,[]
mcocr_public_145014ktane.jpg,[],,,0,,[]
mcocr_public_145014kyxew.jpg,[],,,0,,[]
mcocr_public_145014lbrqe.jpg,[],,,0,,[]
mcocr_public_145014lbzhz.jpg,[],,,0,,[]
mcocr_public_145014lcffb.jpg,[],,,0,,[]
mcocr_public_145014lesir.jpg,[],,,0,,[]
mcocr_public_145014lfctk.jpg,[],,,0,,[]
mcocr_public_145014lijow.jpg,[],,,0,,[]
mcocr_public_145014lisam.jpg,[],,,0,,[]
mcocr_public_145014ljxit.jpg,[],,,0,,[]
mcocr_public_145014lkccn.jpg,[],,,0,,[]
mcocr_public_145014llqzl.jpg,[],,,0,,[]
mcocr_public_145014lohnm.jpg,[],,,0,,[]
mcocr_public_145014lqgzd.jpg,[],,,0,,[]
mcocr_public_145014lqokm.jpg,[],,,0,,[]
mcocr_public_145014ltjcp.jpg,[],,,0,,[]
mcocr_public_145014ltwth.jpg,[],,,0,,[]
mcocr_public_145014luapg.jpg,[],,,0,,[]
mcocr_public_145014lukeo.jpg,[],,,0,,[]
mcocr_public_145014lwrxk.jpg,[],,,0,,[]
mcocr_public_145014mbvkd.jpg,[],,,0,,[]
mcocr_public_145014mcvls.jpg,[],,,0,,[]
mcocr_public_145014mdhan.jpg,[],,,0,,[]
mcocr_public_145014mdljs.jpg,[],,,0,,[]
mcocr_public_145014mgcfg.jpg,[],,,0,,[]
mcocr_public_145014miikd.jpg,[],,,0,,[]
mcocr_public_145014mikss.jpg,[],,,0,,[]
mcocr_public_145014miwkj.jpg,[],,,0,,[]
mcocr_public_145014mjhvf.jpg,[],,,0,,[]
mcocr_public_145014mjzwg.jpg,[],,,0,,[]
mcocr_public_145014mmuxs.jpg,[],,,0,,[]
mcocr_public_145014mntfs.jpg,[],,,0,,[]
mcocr_public_145014mnwrz.jpg,[],,,0,,[]
mcocr_public_145014motth.jpg,[],,,0,,[]
mcocr_public_145014mppzy.jpg,[],,,0,,[]
mcocr_public_145014mpsud.jpg,[],,,0,,[]
mcocr_public_145014msalk.jpg,[],,,0,,[]
mcocr_public_145014mudmu.jpg,[],,,0,,[]
mcocr_public_145014muozt.jpg,[],,,0,,[]
mcocr_public_145014muzpf.jpg,[],,,0,,[]
mcocr_public_145014nccit.jpg,[],,,0,,[]
mcocr_public_145014ncpxq.jpg,[],,,0,,[]
mcocr_public_145014ngihg.jpg,[],,,0,,[]
mcocr_public_145014nhvqt.jpg,[],,,0,,[]
mcocr_public_145014niegm.jpg,[],,,0,,[]
mcocr_public_145014nircs.jpg,[],,,0,,[]
mcocr_public_145014njsyx.jpg,[],,,0,,[]
mcocr_public_145014nkquo.jpg,[],,,0,,[]
mcocr_public_145014nmqkb.jpg,[],,,0,,[]
mcocr_public_145014noddg.jpg,[],,,0,,[]
mcocr_public_145014npyol.jpg,[],,,0,,[]
mcocr_public_145014nrlra.jpg,[],,,0,,[]
mcocr_public_145014nsqiz.jpg,[],,,0,,[]
mcocr_public_145014nuhli.jpg,[],,,0,,[]
mcocr_public_145014nukhy.jpg,[],,,0,,[]
mcocr_public_145014nwpjb.jpg,[],,,0,,[]
mcocr_public_145014nykks.jpg,[],,,0,,[]
mcocr_public_145014oaduc.jpg,[],,,0,,[]
mcocr_public_145014ocyhh.jpg,[],,,0,,[]
mcocr_public_145014ofcbe.jpg,[],,,0,,[]
mcocr_public_145014ofrbt.jpg,[],,,0,,[]
mcocr_public_145014ogron.jpg,[],,,0,,[]
mcocr_public_145014ohtbh.jpg,[],,,0,,[]
mcocr_public_145014oiwct.jpg,[],,,0,,[]
mcocr_public_145014ojewe.jpg,[],,,0,,[]
mcocr_public_145014okszg.jpg,[],,,0,,[]
mcocr_public_145014okzcs.jpg,[],,,0,,[]
mcocr_public_145014onrob.jpg,[],,,0,,[]
mcocr_public_145014ooznt.jpg,[],,,0,,[]
mcocr_public_145014orisb.jpg,[],,,0,,[]
mcocr_public_145014otrlb.jpg,[],,,0,,[]
mcocr_public_145014owowx.jpg,[],,,0,,[]
mcocr_public_145014oxghl.jpg,[],,,0,,[]
mcocr_public_145014ozfbe.jpg,[],,,0,,[]
mcocr_public_145014paioy.jpg,[],,,0,,[]
mcocr_public_145014pbtzz.jpg,[],,,0,,[]
mcocr_public_145014pdqkk.jpg,[],,,0,,[]
mcocr_public_145014pfcua.jpg,[],,,0,,[]
mcocr_public_145014pfjsu.jpg,[],,,0,,[]
mcocr_public_145014pgkzd.jpg,[],,,0,,[]
mcocr_public_145014pjtlz.jpg,[],,,0,,[]
mcocr_public_145014pkgap.jpg,[],,,0,,[]
mcocr_public_145014pmcli.jpg,[],,,0,,[]
mcocr_public_145014pnuud.jpg,[],,,0,,[]
mcocr_public_145014pomqp.jpg,[],,,0,,[]
mcocr_public_145014ppfqq.jpg,[],,,0,,[]
mcocr_public_145014ptuuq.jpg,[],,,0,,[]
mcocr_public_145014pudoo.jpg,[],,,0,,[]
mcocr_public_145014pwhor.jpg,[],,,0,,[]
mcocr_public_145014pxnrk.jpg,[],,,0,,[]
mcocr_public_145014pyhgf.jpg,[],,,0,,[]
mcocr_public_145014pzlbd.jpg,[],,,0,,[]
mcocr_public_145014qaueg.jpg,[],,,0,,[]
mcocr_public_145014qawzo.jpg,[],,,0,,[]
mcocr_public_145014qbdep.jpg,[],,,0,,[]
mcocr_public_145014qbucx.jpg,[],,,0,,[]
mcocr_public_145014qgcwi.jpg,[],,,0,,[]
mcocr_public_145014qifdw.jpg,[],,,0,,[]
mcocr_public_145014qjkba.jpg,[],,,0,,[]
mcocr_public_145014qmicf.jpg,[],,,0,,[]
mcocr_public_145014qojtz.jpg,[],,,0,,[]
mcocr_public_145014qozsl.jpg,[],,,0,,[]
mcocr_public_145014qrfai.jpg,[],,,0,,[]
mcocr_public_145014quwvb.jpg,[],,,0,,[]
mcocr_public_145014qyfft.jpg,[],,,0,,[]
mcocr_public_145014rdcoj.jpg,[],,,0,,[]
mcocr_public_145014rdhuo.jpg,[],,,0,,[]
mcocr_public_145014rfvhh.jpg,[],,,0,,[]
mcocr_public_145014rkuyh.jpg,[],,,0,,[]
mcocr_public_145014rnzgt.jpg,[],,,0,,[]
mcocr_public_145014rotwn.jpg,[],,,0,,[]
mcocr_public_145014rpcdh.jpg,[],,,0,,[]
mcocr_public_145014rqund.jpg,[],,,0,,[]
mcocr_public_145014rrfit.jpg,[],,,0,,[]
mcocr_public_145014rsbuj.jpg,[],,,0,,[]
mcocr_public_145014rshbs.jpg,[],,,0,,[]
mcocr_public_145014rsxlc.jpg,[],,,0,,[]
mcocr_public_145014ruiqd.jpg,[],,,0,,[]
mcocr_public_145014rvwat.jpg,[],,,0,,[]
mcocr_public_145014rwzyq.jpg,[],,,0,,[]
mcocr_public_145014rxymg.jpg,[],,,0,,[]
mcocr_public_145014ryyyw.jpg,[],,,0,,[]
mcocr_public_145014rzbtj.jpg,[],,,0,,[]
mcocr_public_145014sabav.jpg,[],,,0,,[]
mcocr_public_145014seogk.jpg,[],,,0,,[]
mcocr_public_145014sfktp.jpg,[],,,0,,[]
mcocr_public_145014sgzjh.jpg,[],,,0,,[]
mcocr_public_145014skpym.jpg,[],,,0,,[]
mcocr_public_145014smasw.jpg,[],,,0,,[]
mcocr_public_145014sncle.jpg,[],,,0,,[]
mcocr_public_145014ssrmo.jpg,[],,,0,,[]
mcocr_public_145014swnex.jpg,[],,,0,,[]
mcocr_public_145014sydpm.jpg,[],,,0,,[]
mcocr_public_145014tbhtz.jpg,[],,,0,,[]
mcocr_public_145014tecsd.jpg,[],,,0,,[]
mcocr_public_145014tetea.jpg,[],,,0,,[]
mcocr_public_145014tfbnr.jpg,[],,,0,,[]
mcocr_public_145014tkueb.jpg,[],,,0,,[]
mcocr_public_145014tmkco.jpg,[],,,0,,[]
mcocr_public_145014tnnoi.jpg,[],,,0,,[]
mcocr_public_145014tobyw.jpg,[],,,0,,[]
mcocr_public_145014toiko.jpg,[],,,0,,[]
mcocr_public_145014tsvjp.jpg,[],,,0,,[]
mcocr_public_145014ttaic.jpg,[],,,0,,[]
mcocr_public_145014ttrrd.jpg,[],,,0,,[]
mcocr_public_145014tvfga.jpg,[],,,0,,[]
mcocr_public_145014twoee.jpg,[],,,0,,[]
mcocr_public_145014uagtj.jpg,[],,,0,,[]
mcocr_public_145014ubcjg.jpg,[],,,0,,[]
mcocr_public_145014udqjt.jpg,[],,,0,,[]
mcocr_public_145014ugcvq.jpg,[],,,0,,[]
mcocr_public_145014uimoq.jpg,[],,,0,,[]
mcocr_public_145014umhqi.jpg,[],,,0,,[]
mcocr_public_145014upely.jpg,[],,,0,,[]
mcocr_public_145014uqaia.jpg,[],,,0,,[]
mcocr_public_145014uqhki.jpg,[],,,0,,[]
mcocr_public_145014uzdqt.jpg,[],,,0,,[]
mcocr_public_145014vauus.jpg,[],,,0,,[]
mcocr_public_145014vfape.jpg,[],,,0,,[]
mcocr_public_145014vhiaa.jpg,[],,,0,,[]
mcocr_public_145014vitnu.jpg,[],,,0,,[]
mcocr_public_145014vjcbu.jpg,[],,,0,,[]
mcocr_public_145014vkdhy.jpg,[],,,0,,[]
mcocr_public_145014vnfrc.jpg,[],,,0,,[]
mcocr_public_145014vtqgy.jpg,[],,,0,,[]
mcocr_public_145014vwnco.jpg,[],,,0,,[]
mcocr_public_145014vyosv.jpg,[],,,0,,[]
mcocr_public_145014wbfza.jpg,[],,,0,,[]
mcocr_public_145014wbhzq.jpg,[],,,0,,[]
mcocr_public_145014wbnwu.jpg,[],,,0,,[]
mcocr_public_145014wcjoc.jpg,[],,,0,,[]
mcocr_public_145014wcltx.jpg,[],,,0,,[]
mcocr_public_145014wgbsx.jpg,[],,,0,,[]
mcocr_public_145014wgexm.jpg,[],,,0,,[]
mcocr_public_145014wgimk.jpg,[],,,0,,[]
mcocr_public_145014wkdkh.jpg,[],,,0,,[]
mcocr_public_145014wkmws.jpg,[],,,0,,[]
mcocr_public_145014wmjil.jpg,[],,,0,,[]
mcocr_public_145014wnpbo.jpg,[],,,0,,[]
mcocr_public_145014woqkn.jpg,[],,,0,,[]
mcocr_public_145014wowmj.jpg,[],,,0,,[]
mcocr_public_145014wpplc.jpg,[],,,0,,[]
mcocr_public_145014wrzex.jpg,[],,,0,,[]
mcocr_public_145014wscvw.jpg,[],,,0,,[]
mcocr_public_145014wvmqh.jpg,[],,,0,,[]
mcocr_public_145014wvxfq.jpg,[],,,0,,[]
mcocr_public_145014wyctr.jpg,[],,,0,,[]
mcocr_public_145014wywkr.jpg,[],,,0,,[]
mcocr_public_145014xaqvy.jpg,[],,,0,,[]
mcocr_public_145014xbjfb.jpg,[],,,0,,[]
mcocr_public_145014xcxaw.jpg,[],,,0,,[]
mcocr_public_145014xdscy.jpg,[],,,0,,[]
mcocr_public_145014xglvf.jpg,[],,,0,,[]
mcocr_public_145014xkuxu.jpg,[],,,0,,[]
mcocr_public_145014xlpvu.jpg,[],,,0,,[]
mcocr_public_145014xmngo.jpg,[],,,0,,[]
mcocr_public_145014xpidv.jpg,[],,,0,,[]
mcocr_public_145014xpucl.jpg,[],,,0,,[]
mcocr_public_145014xpuhm.jpg,[],,,0,,[]
mcocr_public_145014xsefn.jpg,[],,,0,,[]
mcocr_public_145014xtcll.jpg,[],,,0,,[]
mcocr_public_145014xwajt.jpg,[],,,0,,[]
mcocr_public_145014xxdnm.jpg,[],,,0,,[]
mcocr_public_145014xyqra.jpg,[],,,0,,[]
mcocr_public_145014yccar.jpg,[],,,0,,[]
mcocr_public_145014ycgki.jpg,[],,,0,,[]
mcocr_public_145014yfexx.jpg,[],,,0,,[]
mcocr_public_145014yhgfq.jpg,[],,,0,,[]
mcocr_public_145014yiufn.jpg,[],,,0,,[]
mcocr_public_145014yivlq.jpg,[],,,0,,[]
mcocr_public_145014yjdpq.jpg,[],,,0,,[]
mcocr_public_145014yjivr.jpg,[],,,0,,[]
mcocr_public_145014yltna.jpg,[],,,0,,[]
mcocr_public_145014yphuv.jpg,[],,,0,,[]
mcocr_public_145014yqlhe.jpg,[],,,0,,[]
mcocr_public_145014yrxvd.jpg,[],,,0,,[]
mcocr_public_145014ysbpa.jpg,[],,,0,,[]
mcocr_public_145014ytzcj.jpg,[],,,0,,[]
mcocr_public_145014ywhyw.jpg,[],,,0,,[]
mcocr_public_145014ywmiq.jpg,[],,,0,,[]
mcocr_public_145014yxijr.jpg,[],,,0,,[]
mcocr_public_145014zckhw.jpg,[],,,0,,[]
mcocr_public_145014zcoyr.jpg,[],,,0,,[]
mcocr_public_145014zibrj.jpg,[],,,0,,[]
mcocr_public_145014ziulw.jpg,[],,,0,,[]
mcocr_public_145014zkxjr.jpg,[],,,0,,[]
mcocr_public_145014zncnq.jpg,[],,,0,,[]
mcocr_public_145014znijb.jpg,[],,,0,,[]
mcocr_public_145014zorzw.jpg,[],,,0,,[]
mcocr_public_145014zppme.jpg,[],,,0,,[]
mcocr_public_145014zqkgu.jpg,[],,,0,,[]
mcocr_public_145014zsdex.jpg,[],,,0,,[]
mcocr_public_145014zstut.jpg,[],,,0,,[]
mcocr_public_145014zsypc.jpg,[],,,0,,[]
mcocr_public_145014ztmap.jpg,[],,,0,,[]
mcocr_public_145014zwyas.jpg,[],,,0,,[]
mcocr_public_145014zzzej.jpg,[],,,0,,[]
